Wrote couriers. ,30.04.2021-16:11:53
Read couriers. ,30.04.2021-16:11:53
Wrote customers. ,30.04.2021-16:11:53
Read customers. ,30.04.2021-16:11:53
Wrote items. ,30.04.2021-16:11:53
Read items. ,30.04.2021-16:11:53
Wrote restaurants. ,30.04.2021-16:11:53
Read restaurants. ,30.04.2021-16:11:53
Wrote couriers. ,30.04.2021-16:36:05
Read couriers. ,30.04.2021-16:36:05
Wrote customers. ,30.04.2021-16:36:05
Read customers. ,30.04.2021-16:36:05
Wrote items. ,30.04.2021-16:36:05
Read items. ,30.04.2021-16:36:05
Wrote restaurants. ,30.04.2021-16:36:05
Read restaurants. ,30.04.2021-16:36:05
Wrote couriers. ,25.05.2021-19:46:58
Read couriers. ,25.05.2021-19:46:58
Wrote customers. ,25.05.2021-19:46:58
Read customers. ,25.05.2021-19:46:58
Wrote items. ,25.05.2021-19:46:58
Read items. ,25.05.2021-19:46:58
Wrote restaurants. ,25.05.2021-19:46:58
Read restaurants. ,25.05.2021-19:46:58
Wrote couriers. ,25.05.2021-19:51:21
Read couriers. ,25.05.2021-19:51:21
Wrote customers. ,25.05.2021-19:51:21
Read customers. ,25.05.2021-19:51:21
Wrote items. ,25.05.2021-19:51:21
Read items. ,25.05.2021-19:51:21
Wrote restaurants. ,25.05.2021-19:51:21
Read restaurants. ,25.05.2021-19:51:21
Wrote couriers. ,25.05.2021-19:52:01
Read couriers. ,25.05.2021-19:52:01
Wrote customers. ,25.05.2021-19:52:01
Read customers. ,25.05.2021-19:52:01
Wrote items. ,25.05.2021-19:52:01
Read items. ,25.05.2021-19:52:01
Wrote restaurants. ,25.05.2021-19:52:01
Read restaurants. ,25.05.2021-19:52:01
Wrote couriers. ,25.05.2021-20:38:08
Read couriers. ,25.05.2021-20:38:08
Wrote customers. ,25.05.2021-20:38:08
Read customers. ,25.05.2021-20:38:08
Wrote items. ,25.05.2021-20:38:08
Read items. ,25.05.2021-20:38:08
Wrote restaurants. ,25.05.2021-20:38:08
Read restaurants. ,25.05.2021-20:38:08
Wrote couriers. ,26.05.2021-00:52:02
Read couriers. ,26.05.2021-00:52:03
Wrote customers. ,26.05.2021-00:52:03
Read customers. ,26.05.2021-00:52:03
Wrote items. ,26.05.2021-00:52:03
Read items. ,26.05.2021-00:52:03
Wrote restaurants. ,26.05.2021-00:52:03
Read restaurants. ,26.05.2021-00:52:03
Wrote couriers. ,26.05.2021-00:53:46
Read couriers. ,26.05.2021-00:53:46
Wrote customers. ,26.05.2021-00:53:46
Read customers. ,26.05.2021-00:53:46
Wrote items. ,26.05.2021-00:53:46
Read items. ,26.05.2021-00:53:46
Wrote restaurants. ,26.05.2021-00:53:46
Read restaurants. ,26.05.2021-00:53:46
Wrote couriers. ,26.05.2021-00:54:36
Read couriers. ,26.05.2021-00:54:36
Wrote customers. ,26.05.2021-00:54:36
Read customers. ,26.05.2021-00:54:36
Wrote items. ,26.05.2021-00:54:36
Read items. ,26.05.2021-00:54:36
Wrote restaurants. ,26.05.2021-00:54:36
Read restaurants. ,26.05.2021-00:54:36
Wrote couriers. ,26.05.2021-01:00:31
Read couriers. ,26.05.2021-01:00:31
Wrote customers. ,26.05.2021-01:00:31
Read customers. ,26.05.2021-01:00:31
Wrote items. ,26.05.2021-01:00:31
Read items. ,26.05.2021-01:00:31
Wrote restaurants. ,26.05.2021-01:00:31
Read restaurants. ,26.05.2021-01:00:31
Wrote couriers. ,26.05.2021-01:04:04
Read couriers. ,26.05.2021-01:04:04
Wrote customers. ,26.05.2021-01:04:04
Read customers. ,26.05.2021-01:04:04
Wrote items. ,26.05.2021-01:04:04
Read items. ,26.05.2021-01:04:04
Wrote restaurants. ,26.05.2021-01:04:04
Read restaurants. ,26.05.2021-01:04:04
Wrote couriers. ,26.05.2021-01:05:44
Read couriers. ,26.05.2021-01:05:44
Wrote customers. ,26.05.2021-01:05:44
Read customers. ,26.05.2021-01:05:44
Wrote items. ,26.05.2021-01:05:44
Read items. ,26.05.2021-01:05:44
Wrote restaurants. ,26.05.2021-01:05:44
Read restaurants. ,26.05.2021-01:05:44
Wrote couriers. ,26.05.2021-01:07:14
Read couriers. ,26.05.2021-01:07:14
Wrote customers. ,26.05.2021-01:07:14
Read customers. ,26.05.2021-01:07:14
Wrote items. ,26.05.2021-01:07:14
Read items. ,26.05.2021-01:07:14
Wrote restaurants. ,26.05.2021-01:07:14
Read restaurants. ,26.05.2021-01:07:14
Wrote couriers. ,26.05.2021-01:08:18
Read couriers. ,26.05.2021-01:08:18
Wrote customers. ,26.05.2021-01:08:18
Read customers. ,26.05.2021-01:08:18
Wrote items. ,26.05.2021-01:08:19
Read items. ,26.05.2021-01:08:19
Wrote restaurants. ,26.05.2021-01:08:19
Read restaurants. ,26.05.2021-01:08:19
Wrote couriers. ,26.05.2021-01:11:37
Read couriers. ,26.05.2021-01:11:37
Wrote customers. ,26.05.2021-01:11:37
Read customers. ,26.05.2021-01:11:37
Wrote items. ,26.05.2021-01:11:37
Read items. ,26.05.2021-01:11:37
Wrote restaurants. ,26.05.2021-01:11:37
Read restaurants. ,26.05.2021-01:11:37
Wrote couriers. ,26.05.2021-01:13:23
Read couriers. ,26.05.2021-01:13:23
Wrote customers. ,26.05.2021-01:13:23
Read customers. ,26.05.2021-01:13:23
Wrote items. ,26.05.2021-01:13:24
Read items. ,26.05.2021-01:13:24
Wrote restaurants. ,26.05.2021-01:13:24
Read restaurants. ,26.05.2021-01:13:24
Wrote couriers. ,26.05.2021-01:15:54
Read couriers. ,26.05.2021-01:15:54
Wrote customers. ,26.05.2021-01:15:54
Read customers. ,26.05.2021-01:15:54
Wrote items. ,26.05.2021-01:15:54
Read items. ,26.05.2021-01:15:54
Wrote restaurants. ,26.05.2021-01:15:54
Read restaurants. ,26.05.2021-01:15:54
Wrote couriers. ,26.05.2021-01:17:11
Read couriers. ,26.05.2021-01:17:11
Wrote customers. ,26.05.2021-01:17:11
Read customers. ,26.05.2021-01:17:11
Wrote items. ,26.05.2021-01:17:11
Read items. ,26.05.2021-01:17:11
Wrote restaurants. ,26.05.2021-01:17:11
Read restaurants. ,26.05.2021-01:17:11
Wrote couriers. ,26.05.2021-01:18:27
Read couriers. ,26.05.2021-01:18:27
Wrote customers. ,26.05.2021-01:18:27
Read customers. ,26.05.2021-01:18:27
Wrote items. ,26.05.2021-01:18:27
Read items. ,26.05.2021-01:18:27
Wrote restaurants. ,26.05.2021-01:18:27
Read restaurants. ,26.05.2021-01:18:27
Wrote couriers. ,26.05.2021-01:20:51
Read couriers. ,26.05.2021-01:20:51
Wrote customers. ,26.05.2021-01:20:51
Read customers. ,26.05.2021-01:20:51
Wrote items. ,26.05.2021-01:20:51
Read items. ,26.05.2021-01:20:51
Wrote restaurants. ,26.05.2021-01:20:51
Read restaurants. ,26.05.2021-01:20:51
Wrote couriers. ,26.05.2021-01:25:34
Read couriers. ,26.05.2021-01:25:34
Wrote customers. ,26.05.2021-01:25:34
Read customers. ,26.05.2021-01:25:34
Wrote items. ,26.05.2021-01:25:34
Read items. ,26.05.2021-01:25:34
Wrote restaurants. ,26.05.2021-01:25:34
Read restaurants. ,26.05.2021-01:25:34
Wrote couriers. ,26.05.2021-01:26:44
Read couriers. ,26.05.2021-01:26:44
Wrote customers. ,26.05.2021-01:26:44
Read customers. ,26.05.2021-01:26:44
Wrote items. ,26.05.2021-01:26:44
Read items. ,26.05.2021-01:26:44
Wrote restaurants. ,26.05.2021-01:26:44
Read restaurants. ,26.05.2021-01:26:44
Wrote couriers. ,26.05.2021-01:29:43
Read couriers. ,26.05.2021-01:29:43
Wrote customers. ,26.05.2021-01:29:43
Read customers. ,26.05.2021-01:29:43
Wrote items. ,26.05.2021-01:29:43
Read items. ,26.05.2021-01:29:43
Wrote restaurants. ,26.05.2021-01:29:44
Read restaurants. ,26.05.2021-01:29:44
Wrote couriers. ,26.05.2021-01:36:50
Read couriers. ,26.05.2021-01:36:50
Wrote customers. ,26.05.2021-01:36:50
Read customers. ,26.05.2021-01:36:50
Wrote items. ,26.05.2021-01:36:51
Read items. ,26.05.2021-01:36:51
Wrote restaurants. ,26.05.2021-01:36:51
Read restaurants. ,26.05.2021-01:36:51
Wrote couriers. ,26.05.2021-01:38:53
Read couriers. ,26.05.2021-01:38:53
Wrote customers. ,26.05.2021-01:38:53
Read customers. ,26.05.2021-01:38:53
Wrote items. ,26.05.2021-01:38:54
Read items. ,26.05.2021-01:38:54
Wrote restaurants. ,26.05.2021-01:38:54
Read restaurants. ,26.05.2021-01:38:54
Wrote couriers. ,26.05.2021-01:39:33
Read couriers. ,26.05.2021-01:39:33
Wrote customers. ,26.05.2021-01:39:33
Read customers. ,26.05.2021-01:39:33
Wrote items. ,26.05.2021-01:39:33
Read items. ,26.05.2021-01:39:33
Wrote restaurants. ,26.05.2021-01:39:33
Read restaurants. ,26.05.2021-01:39:33
Wrote couriers. ,26.05.2021-01:41:47
Read couriers. ,26.05.2021-01:41:47
Wrote customers. ,26.05.2021-01:41:47
Read customers. ,26.05.2021-01:41:47
Wrote items. ,26.05.2021-01:41:47
Read items. ,26.05.2021-01:41:47
Wrote restaurants. ,26.05.2021-01:41:47
Read restaurants. ,26.05.2021-01:41:47
Wrote couriers. ,26.05.2021-01:42:11
Read couriers. ,26.05.2021-01:42:11
Wrote customers. ,26.05.2021-01:42:11
Read customers. ,26.05.2021-01:42:11
Wrote items. ,26.05.2021-01:42:12
Read items. ,26.05.2021-01:42:12
Wrote restaurants. ,26.05.2021-01:42:12
Read restaurants. ,26.05.2021-01:42:12
Wrote couriers. ,26.05.2021-01:43:44
Read couriers. ,26.05.2021-01:43:44
Wrote customers. ,26.05.2021-01:43:44
Read customers. ,26.05.2021-01:43:44
Wrote items. ,26.05.2021-01:43:45
Read items. ,26.05.2021-01:43:45
Wrote restaurants. ,26.05.2021-01:43:45
Read restaurants. ,26.05.2021-01:43:45
Wrote couriers. ,26.05.2021-01:53:44
Read couriers. ,26.05.2021-01:53:44
Wrote customers. ,26.05.2021-01:53:44
Read customers. ,26.05.2021-01:53:45
Wrote items. ,26.05.2021-01:53:45
Read items. ,26.05.2021-01:53:45
Wrote restaurants. ,26.05.2021-01:53:45
Read restaurants. ,26.05.2021-01:53:45
Wrote couriers. ,26.05.2021-02:06:23
Read couriers. ,26.05.2021-02:06:23
Wrote customers. ,26.05.2021-02:06:23
Read customers. ,26.05.2021-02:06:23
Wrote items. ,26.05.2021-02:06:23
Read items. ,26.05.2021-02:06:23
Wrote restaurants. ,26.05.2021-02:06:23
Read restaurants. ,26.05.2021-02:06:23
Wrote couriers. ,26.05.2021-02:10:15
Read couriers. ,26.05.2021-02:10:15
Wrote customers. ,26.05.2021-02:10:15
Read customers. ,26.05.2021-02:10:15
Wrote items. ,26.05.2021-02:10:16
Read items. ,26.05.2021-02:10:16
Wrote restaurants. ,26.05.2021-02:10:16
Read restaurants. ,26.05.2021-02:10:16
Wrote couriers. ,26.05.2021-02:11:23
Read couriers. ,26.05.2021-02:11:23
Wrote customers. ,26.05.2021-02:11:23
Read customers. ,26.05.2021-02:11:23
Wrote items. ,26.05.2021-02:11:23
Read items. ,26.05.2021-02:11:23
Wrote restaurants. ,26.05.2021-02:11:23
Read restaurants. ,26.05.2021-02:11:24
Wrote couriers. ,26.05.2021-02:16:15
Read couriers. ,26.05.2021-02:16:15
Wrote customers. ,26.05.2021-02:16:15
Read customers. ,26.05.2021-02:16:15
Wrote items. ,26.05.2021-02:16:16
Read items. ,26.05.2021-02:16:16
Wrote restaurants. ,26.05.2021-02:16:16
Read restaurants. ,26.05.2021-02:16:16
Wrote couriers. ,26.05.2021-02:20:13
Read couriers. ,26.05.2021-02:20:13
Wrote customers. ,26.05.2021-02:20:13
Read customers. ,26.05.2021-02:20:13
Wrote items. ,26.05.2021-02:20:13
Read items. ,26.05.2021-02:20:13
Wrote restaurants. ,26.05.2021-02:20:13
Read restaurants. ,26.05.2021-02:20:13
Wrote couriers. ,26.05.2021-02:26:44
Read couriers. ,26.05.2021-02:26:44
Wrote customers. ,26.05.2021-02:26:44
Read customers. ,26.05.2021-02:26:44
Wrote items. ,26.05.2021-02:26:45
Read items. ,26.05.2021-02:26:45
Wrote restaurants. ,26.05.2021-02:26:45
Read restaurants. ,26.05.2021-02:26:45
