Vlad,vlad@gmail.com,M1,1234,2
Cristian,cristian@gmail.com,M4,1234,3
Bogdan,bogdan@gmail.com,M6,1234,4
Vlad,vlad@gmail.com,M1,1234,2
Cristian,cristian@gmail.com,M4,1234,3
Bogdan,bogdan@gmail.com,M6,1234,4
Vlad,vlad@gmail.com,M1,1234,2
Cristian,cristian@gmail.com,M4,1234,3
Bogdan,bogdan@gmail.com,M6,1234,4
Vlad,vlad@gmail.com,M1,1234,2
Cristian,cristian@gmail.com,M4,1234,3
Bogdan,bogdan@gmail.com,M6,1234,4
Vlad,vlad@gmail.com,M1,1234,2
Cristian,cristian@gmail.com,M4,1234,3
Bogdan,bogdan@gmail.com,M6,1234,4
Vlad,vlad@gmail.com,M1,1234,2
Cristian,cristian@gmail.com,M4,1234,3
Bogdan,bogdan@gmail.com,M6,1234,4
Vlad,vlad@gmail.com,M1,1234,2
Cristian,cristian@gmail.com,M4,1234,3
Bogdan,bogdan@gmail.com,M6,1234,4
Vlad,vlad@gmail.com,M1,1234,2
Cristian,cristian@gmail.com,M4,1234,3
Bogdan,bogdan@gmail.com,M6,1234,4
